{"accuracy": [0.5483889579772949, 0.8120492100715637, 0.876961350440979, 0.9070203900337219, 0.9242762923240662, 0.9388434290885925, 0.9503378868103027, 0.9560850858688354, 0.9606515169143677, 0.9660857915878296], "loss": [1.5759845972061157, 0.6251260042190552, 0.41097986698150635, 0.3114364445209503, 0.2589844763278961, 0.21396362781524658, 0.17632468044757843, 0.15907858312129974, 0.1486034095287323, 0.13114769756793976], "val_accuracy": [0.8052014708518982, 0.8774755001068115, 0.9243113994598389, 0.899783730506897, 0.9399043917655945, 0.9445139765739441, 0.9414978623390198, 0.9493512511253357, 0.9536194205284119, 0.9624402523040771], "val_loss": [0.6119933128356934, 0.401547908782959, 0.2391529679298401, 0.3375365436077118, 0.2058587223291397, 0.20095223188400269, 0.24577897787094116, 0.21304264664649963, 0.19982090592384338, 0.1815243363380432]}